{
  "target_position_mult": {
    "train_mse": 0.00208043599269205,
    "train_mae": 0.033368473260080064,
    "train_r2": 0.9913949994852443,
    "test_mse": 0.004466002726371629,
    "test_mae": 0.04568678087322625,
    "test_r2": 0.9813221249366516
  },
  "target_take_profit": {
    "train_mse": 1.6128427306822683e-06,
    "train_mae": 0.000896507280901024,
    "train_r2": 0.6667170539925313,
    "test_mse": 3.0513373880677177e-06,
    "test_mae": 0.001243156190189189,
    "test_r2": 0.3580760960064653
  },
  "target_stop_loss": {
    "train_mse": 3.145806299341834e-10,
    "train_mae": 1.2917427349800468e-05,
    "train_r2": 0.9999991835707701,
    "test_mse": 3.153290032776585e-10,
    "test_mae": 1.3142545486835916e-05,
    "test_r2": 0.9999991928432758
  },
  "target_hold_hours": {
    "train_mse": 0.0,
    "train_mae": 0.0,
    "train_r2": 1.0,
    "test_mse": 0.0,
    "test_mae": 0.0,
    "test_r2": 1.0
  },
  "target_win_prob": {
    "train_mse": 0.001443887277082492,
    "train_mae": 0.030190131557503344,
    "train_r2": 0.7891796152015951,
    "test_mse": 0.002507973854286224,
    "test_mae": 0.04045035934500001,
    "test_r2": 0.6178436023264278
  }
}